<ImportExportXml xmlns:xsi="http://www.w3.org/2001/XMLSchema-instance">
  <Entities></Entities>
  <Roles></Roles>
  <Workflows></Workflows>
  <FieldSecurityProfiles></FieldSecurityProfiles>
  <Templates />
  <EntityMaps />
  <EntityRelationships />
  <OrganizationSettings />
  <optionsets />
  <WebResources>
    <WebResource>
      <WebResourceId>{f5a4c54b-12b7-e611-80e4-366637386334}</WebResourceId>
      <Name>kendoui_/images/back.png</Name>
      <DisplayName>kendoui_/images/back.png</DisplayName>
      <WebResourceType>5</WebResourceType>
      <IntroducedVersion>1.0</IntroducedVersion>
      <IsEnabledForMobileClient>0</IsEnabledForMobileClient>
      <IsAvailableForMobileOffline>0</IsAvailableForMobileOffline>
      <FileName>/WebResources/kendoui_imagesbackpngF5A4C54B-12B7-E611-80E4-366637386334</FileName>
    </WebResource>
    <WebResource>
      <WebResourceId>{f7a4c54b-12b7-e611-80e4-366637386334}</WebResourceId>
      <Name>kendoui_/images/envelope.png</Name>
      <DisplayName>kendoui_/images/envelope.png</DisplayName>
      <WebResourceType>5</WebResourceType>
      <IntroducedVersion>1.0</IntroducedVersion>
      <IsEnabledForMobileClient>0</IsEnabledForMobileClient>
      <IsAvailableForMobileOffline>0</IsAvailableForMobileOffline>
      <FileName>/WebResources/kendoui_imagesenvelopepngF7A4C54B-12B7-E611-80E4-366637386334</FileName>
    </WebResource>
    <WebResource>
      <WebResourceId>{f9a4c54b-12b7-e611-80e4-366637386334}</WebResourceId>
      <Name>kendoui_/images/kendoui.svg</Name>
      <DisplayName>kendoui_/images/kendoui.svg</DisplayName>
      <WebResourceType>10</WebResourceType>
      <IntroducedVersion>1.0</IntroducedVersion>
      <IsEnabledForMobileClient>0</IsEnabledForMobileClient>
      <IsAvailableForMobileOffline>0</IsAvailableForMobileOffline>
      <FileName>/WebResources/kendoui_imageskendouisvgF9A4C54B-12B7-E611-80E4-366637386334</FileName>
    </WebResource>
    <WebResource>
      <WebResourceId>{fba4c54b-12b7-e611-80e4-366637386334}</WebResourceId>
      <Name>kendoui_/images/kendoui.ttf</Name>
      <DisplayName>kendoui_/images/kendoui.ttf</DisplayName>
      <WebResourceType>10</WebResourceType>
      <IntroducedVersion>1.0</IntroducedVersion>
      <IsEnabledForMobileClient>0</IsEnabledForMobileClient>
      <IsAvailableForMobileOffline>0</IsAvailableForMobileOffline>
      <FileName>/WebResources/kendoui_imageskendouittfFBA4C54B-12B7-E611-80E4-366637386334</FileName>
    </WebResource>
    <WebResource>
      <WebResourceId>{fda4c54b-12b7-e611-80e4-366637386334}</WebResourceId>
      <Name>kendoui_/images/kendoui.woff</Name>
      <DisplayName>kendoui_/images/kendoui.woff</DisplayName>
      <WebResourceType>10</WebResourceType>
      <IntroducedVersion>1.0</IntroducedVersion>
      <IsEnabledForMobileClient>0</IsEnabledForMobileClient>
      <IsAvailableForMobileOffline>0</IsAvailableForMobileOffline>
      <FileName>/WebResources/kendoui_imageskendouiwoffFDA4C54B-12B7-E611-80E4-366637386334</FileName>
    </WebResource>
    <WebResource>
      <WebResourceId>{ffa4c54b-12b7-e611-80e4-366637386334}</WebResourceId>
      <Name>kendoui_/images/wp8_icons.png</Name>
      <DisplayName>kendoui_/images/wp8_icons.png</DisplayName>
      <WebResourceType>5</WebResourceType>
      <IntroducedVersion>1.0</IntroducedVersion>
      <IsEnabledForMobileClient>0</IsEnabledForMobileClient>
      <IsAvailableForMobileOffline>0</IsAvailableForMobileOffline>
      <FileName>/WebResources/kendoui_imageswp8_iconspngFFA4C54B-12B7-E611-80E4-366637386334</FileName>
    </WebResource>
    <WebResource>
      <WebResourceId>{01a5c54b-12b7-e611-80e4-366637386334}</WebResourceId>
      <Name>kendoui_/images/wp8_inverseicons.png</Name>
      <DisplayName>kendoui_/images/wp8_inverseicons.png</DisplayName>
      <WebResourceType>5</WebResourceType>
      <IntroducedVersion>1.0</IntroducedVersion>
      <IsEnabledForMobileClient>0</IsEnabledForMobileClient>
      <IsAvailableForMobileOffline>0</IsAvailableForMobileOffline>
      <FileName>/WebResources/kendoui_imageswp8_inverseiconspng01A5C54B-12B7-E611-80E4-366637386334</FileName>
    </WebResource>
    <WebResource>
      <WebResourceId>{32c03a15-98b8-e611-80e4-366637386334}</WebResourceId>
      <Name>kendoui_/Default/loading_image.gif</Name>
      <DisplayName>kendoui_/Default/loading_image.gif</DisplayName>
      <WebResourceType>7</WebResourceType>
      <IntroducedVersion>1.0</IntroducedVersion>
      <IsEnabledForMobileClient>0</IsEnabledForMobileClient>
      <IsAvailableForMobileOffline>0</IsAvailableForMobileOffline>
      <FileName>/WebResources/kendoui_Defaultloading_imagegif32C03A15-98B8-E611-80E4-366637386334</FileName>
    </WebResource>
    <WebResource>
      <WebResourceId>{985c5573-068b-e611-80d4-3a3036663635}</WebResourceId>
      <Name>kendoui_/Default/editor.png</Name>
      <DisplayName>kendoui_/Default/editor.png</DisplayName>
      <WebResourceType>5</WebResourceType>
      <IntroducedVersion>1.0</IntroducedVersion>
      <IsEnabledForMobileClient>0</IsEnabledForMobileClient>
      <IsAvailableForMobileOffline>0</IsAvailableForMobileOffline>
      <FileName>/WebResources/kendoui_Defaulteditorpng985C5573-068B-E611-80D4-3A3036663635</FileName>
    </WebResource>
    <WebResource>
      <WebResourceId>{9a5c5573-068b-e611-80d4-3a3036663635}</WebResourceId>
      <Name>kendoui_/Default/imagebrowser.png</Name>
      <DisplayName>kendoui_/Default/imagebrowser.png</DisplayName>
      <WebResourceType>5</WebResourceType>
      <IntroducedVersion>1.0</IntroducedVersion>
      <IsEnabledForMobileClient>0</IsEnabledForMobileClient>
      <IsAvailableForMobileOffline>0</IsAvailableForMobileOffline>
      <FileName>/WebResources/kendoui_Defaultimagebrowserpng9A5C5573-068B-E611-80D4-3A3036663635</FileName>
    </WebResource>
    <WebResource>
      <WebResourceId>{9c5c5573-068b-e611-80d4-3a3036663635}</WebResourceId>
      <Name>kendoui_/Default/indeterminate.gif</Name>
      <DisplayName>kendoui_/Default/indeterminate.gif</DisplayName>
      <WebResourceType>7</WebResourceType>
      <IntroducedVersion>1.0</IntroducedVersion>
      <IsEnabledForMobileClient>0</IsEnabledForMobileClient>
      <IsAvailableForMobileOffline>0</IsAvailableForMobileOffline>
      <FileName>/WebResources/kendoui_Defaultindeterminategif9C5C5573-068B-E611-80D4-3A3036663635</FileName>
    </WebResource>
    <WebResource>
      <WebResourceId>{9e5c5573-068b-e611-80d4-3a3036663635}</WebResourceId>
      <Name>kendoui_/Default/loading.gif</Name>
      <DisplayName>kendoui_/Default/loading.gif</DisplayName>
      <WebResourceType>7</WebResourceType>
      <IntroducedVersion>1.0</IntroducedVersion>
      <IsEnabledForMobileClient>0</IsEnabledForMobileClient>
      <IsAvailableForMobileOffline>0</IsAvailableForMobileOffline>
      <FileName>/WebResources/kendoui_Defaultloadinggif9E5C5573-068B-E611-80D4-3A3036663635</FileName>
    </WebResource>
    <WebResource>
      <WebResourceId>{a05c5573-068b-e611-80d4-3a3036663635}</WebResourceId>
      <Name>kendoui_/Default/loading_2x.gif</Name>
      <DisplayName>kendoui_/Default/loading_2x.gif</DisplayName>
      <WebResourceType>7</WebResourceType>
      <IntroducedVersion>1.0</IntroducedVersion>
      <IsEnabledForMobileClient>0</IsEnabledForMobileClient>
      <IsAvailableForMobileOffline>0</IsAvailableForMobileOffline>
      <FileName>/WebResources/kendoui_Defaultloading_2xgifA05C5573-068B-E611-80D4-3A3036663635</FileName>
    </WebResource>
    <WebResource>
      <WebResourceId>{a25c5573-068b-e611-80d4-3a3036663635}</WebResourceId>
      <Name>kendoui_/Default/markers.png</Name>
      <DisplayName>kendoui_/Default/markers.png</DisplayName>
      <WebResourceType>5</WebResourceType>
      <IntroducedVersion>1.0</IntroducedVersion>
      <IsEnabledForMobileClient>0</IsEnabledForMobileClient>
      <IsAvailableForMobileOffline>0</IsAvailableForMobileOffline>
      <FileName>/WebResources/kendoui_DefaultmarkerspngA25C5573-068B-E611-80D4-3A3036663635</FileName>
    </WebResource>
    <WebResource>
      <WebResourceId>{a45c5573-068b-e611-80d4-3a3036663635}</WebResourceId>
      <Name>kendoui_/Default/markers_2x.png</Name>
      <DisplayName>kendoui_/Default/markers_2x.png</DisplayName>
      <WebResourceType>5</WebResourceType>
      <IntroducedVersion>1.0</IntroducedVersion>
      <IsEnabledForMobileClient>0</IsEnabledForMobileClient>
      <IsAvailableForMobileOffline>0</IsAvailableForMobileOffline>
      <FileName>/WebResources/kendoui_Defaultmarkers_2xpngA45C5573-068B-E611-80D4-3A3036663635</FileName>
    </WebResource>
    <WebResource>
      <WebResourceId>{a65c5573-068b-e611-80d4-3a3036663635}</WebResourceId>
      <Name>kendoui_/Default/sprite.png</Name>
      <DisplayName>kendoui_/Default/sprite.png</DisplayName>
      <WebResourceType>5</WebResourceType>
      <IntroducedVersion>1.0</IntroducedVersion>
      <IsEnabledForMobileClient>0</IsEnabledForMobileClient>
      <IsAvailableForMobileOffline>0</IsAvailableForMobileOffline>
      <FileName>/WebResources/kendoui_DefaultspritepngA65C5573-068B-E611-80D4-3A3036663635</FileName>
    </WebResource>
    <WebResource>
      <WebResourceId>{a85c5573-068b-e611-80d4-3a3036663635}</WebResourceId>
      <Name>kendoui_/Default/sprite_2x.png</Name>
      <DisplayName>kendoui_/Default/sprite_2x.png</DisplayName>
      <WebResourceType>5</WebResourceType>
      <IntroducedVersion>1.0</IntroducedVersion>
      <IsEnabledForMobileClient>0</IsEnabledForMobileClient>
      <IsAvailableForMobileOffline>0</IsAvailableForMobileOffline>
      <FileName>/WebResources/kendoui_Defaultsprite_2xpngA85C5573-068B-E611-80D4-3A3036663635</FileName>
    </WebResource>
    <WebResource>
      <WebResourceId>{aa5c5573-068b-e611-80d4-3a3036663635}</WebResourceId>
      <Name>kendoui_/Default/sprite_kpi.png</Name>
      <DisplayName>kendoui_/Default/sprite_kpi.png</DisplayName>
      <WebResourceType>5</WebResourceType>
      <IntroducedVersion>1.0</IntroducedVersion>
      <IsEnabledForMobileClient>0</IsEnabledForMobileClient>
      <IsAvailableForMobileOffline>0</IsAvailableForMobileOffline>
      <FileName>/WebResources/kendoui_Defaultsprite_kpipngAA5C5573-068B-E611-80D4-3A3036663635</FileName>
    </WebResource>
    <WebResource>
      <WebResourceId>{ac5c5573-068b-e611-80d4-3a3036663635}</WebResourceId>
      <Name>kendoui_/Default/sprite_kpi_2x.png</Name>
      <DisplayName>kendoui_/Default/sprite_kpi_2x.png</DisplayName>
      <WebResourceType>5</WebResourceType>
      <IntroducedVersion>1.0</IntroducedVersion>
      <IsEnabledForMobileClient>0</IsEnabledForMobileClient>
      <IsAvailableForMobileOffline>0</IsAvailableForMobileOffline>
      <FileName>/WebResources/kendoui_Defaultsprite_kpi_2xpngAC5C5573-068B-E611-80D4-3A3036663635</FileName>
    </WebResource>
    <WebResource>
      <WebResourceId>{bc5c5573-068b-e611-80d4-3a3036663635}</WebResourceId>
      <Name>kendoui_/jquery2.2.4.min.js</Name>
      <DisplayName>kendoui_/jquery2.2.4.min.js</DisplayName>
      <WebResourceType>3</WebResourceType>
      <IntroducedVersion>1.0</IntroducedVersion>
      <IsEnabledForMobileClient>0</IsEnabledForMobileClient>
      <IsAvailableForMobileOffline>0</IsAvailableForMobileOffline>
      <FileName>/WebResources/kendoui_jquery224minjsBC5C5573-068B-E611-80D4-3A3036663635</FileName>
    </WebResource>
    <WebResource>
      <WebResourceId>{be5c5573-068b-e611-80d4-3a3036663635}</WebResourceId>
      <Name>kendoui_/kendo.all.min.js</Name>
      <DisplayName>kendoui_/kendo.all.min.js</DisplayName>
      <WebResourceType>3</WebResourceType>
      <IntroducedVersion>1.0</IntroducedVersion>
      <IsEnabledForMobileClient>0</IsEnabledForMobileClient>
      <IsAvailableForMobileOffline>0</IsAvailableForMobileOffline>
      <DependencyXml>&lt;Dependencies&gt;&lt;Dependency componentType="WebResource"/&gt;&lt;/Dependencies&gt;</DependencyXml>
      <FileName>/WebResources/kendoui_kendoallminjsBE5C5573-068B-E611-80D4-3A3036663635</FileName>
    </WebResource>
    <WebResource>
      <WebResourceId>{c05c5573-068b-e611-80d4-3a3036663635}</WebResourceId>
      <Name>kendoui_/kendo.common.min.css</Name>
      <DisplayName>kendoui_/kendo.common.min.css</DisplayName>
      <WebResourceType>2</WebResourceType>
      <IntroducedVersion>1.0</IntroducedVersion>
      <IsEnabledForMobileClient>0</IsEnabledForMobileClient>
      <IsAvailableForMobileOffline>0</IsAvailableForMobileOffline>
      <DependencyXml>&lt;Dependencies&gt;&lt;Dependency componentType="WebResource"/&gt;&lt;/Dependencies&gt;</DependencyXml>
      <FileName>/WebResources/kendoui_kendocommonmincssC05C5573-068B-E611-80D4-3A3036663635</FileName>
    </WebResource>
    <WebResource>
      <WebResourceId>{c25c5573-068b-e611-80d4-3a3036663635}</WebResourceId>
      <Name>kendoui_/kendo.default.min.css</Name>
      <DisplayName>kendoui_/kendo.default.min.css</DisplayName>
      <WebResourceType>2</WebResourceType>
      <IntroducedVersion>1.0</IntroducedVersion>
      <IsEnabledForMobileClient>0</IsEnabledForMobileClient>
      <IsAvailableForMobileOffline>0</IsAvailableForMobileOffline>
      <DependencyXml>&lt;Dependencies&gt;&lt;Dependency componentType="WebResource"/&gt;&lt;/Dependencies&gt;</DependencyXml>
      <FileName>/WebResources/kendoui_kendodefaultmincssC25C5573-068B-E611-80D4-3A3036663635</FileName>
    </WebResource>
    <WebResource>
      <WebResourceId>{c45c5573-068b-e611-80d4-3a3036663635}</WebResourceId>
      <Name>kendoui_/kendo.default.mobile.min.css</Name>
      <DisplayName>kendoui_/kendo.default.mobile.min.css</DisplayName>
      <WebResourceType>2</WebResourceType>
      <IntroducedVersion>1.0</IntroducedVersion>
      <IsEnabledForMobileClient>0</IsEnabledForMobileClient>
      <IsAvailableForMobileOffline>0</IsAvailableForMobileOffline>
      <DependencyXml>&lt;Dependencies&gt;&lt;Dependency componentType="WebResource"/&gt;&lt;/Dependencies&gt;</DependencyXml>
      <FileName>/WebResources/kendoui_kendodefaultmobilemincssC45C5573-068B-E611-80D4-3A3036663635</FileName>
    </WebResource>
  </WebResources>
  <CustomControls />
  <EntityDataProviders />
  <Languages>
    <Language>1033</Language>
  </Languages>
</ImportExportXml>