<ImportExportXml version="9.1.0.19545" SolutionPackageVersion="9.1" languagecode="1033" generatedBy="CrmLive" xmlns:xsi="http://www.w3.org/2001/XMLSchema-instance"><SolutionManifest><UniqueName>KendoUIv10</UniqueName><LocalizedNames><LocalizedName description="Kendo UI v1.0" languagecode="1033" /></LocalizedNames><Descriptions /><Version>1.0</Version><Managed>0</Managed><Publisher><UniqueName>accentgoldsolutions</UniqueName><LocalizedNames><LocalizedName description="Accent Gold Solutions" languagecode="1033" /></LocalizedNames><Descriptions><Description description="AGS" languagecode="1033" /></Descriptions><EMailAddress xsi:nil="true"></EMailAddress><SupportingWebsiteUrl xsi:nil="true"></SupportingWebsiteUrl><CustomizationPrefix>ddsm</CustomizationPrefix><CustomizationOptionValuePrefix>96208</CustomizationOptionValuePrefix><Addresses><Address><AddressNumber>1</AddressNumber><AddressTypeCode>1</AddressTypeCode><City xsi:nil="true"></City><County xsi:nil="true"></County><Country xsi:nil="true"></Country><Fax xsi:nil="true"></Fax><FreightTermsCode xsi:nil="true"></FreightTermsCode><ImportSequenceNumber xsi:nil="true"></ImportSequenceNumber><Latitude xsi:nil="true"></Latitude><Line1 xsi:nil="true"></Line1><Line2 xsi:nil="true"></Line2><Line3 xsi:nil="true"></Line3><Longitude xsi:nil="true"></Longitude><Name xsi:nil="true"></Name><PostalCode xsi:nil="true"></PostalCode><PostOfficeBox xsi:nil="true"></PostOfficeBox><PrimaryContactName xsi:nil="true"></PrimaryContactName><ShippingMethodCode>1</ShippingMethodCode><StateOrProvince xsi:nil="true"></StateOrProvince><Telephone1 xsi:nil="true"></Telephone1><Telephone2 xsi:nil="true"></Telephone2><Telephone3 xsi:nil="true"></Telephone3><TimeZoneRuleVersionNumber xsi:nil="true"></TimeZoneRuleVersionNumber><UPSZone xsi:nil="true"></UPSZone><UTCOffset xsi:nil="true"></UTCOffset><UTCConversionTimeZoneCode xsi:nil="true"></UTCConversionTimeZoneCode></Address><Address><AddressNumber>2</AddressNumber><AddressTypeCode>1</AddressTypeCode><City xsi:nil="true"></City><County xsi:nil="true"></County><Country xsi:nil="true"></Country><Fax xsi:nil="true"></Fax><FreightTermsCode xsi:nil="true"></FreightTermsCode><ImportSequenceNumber xsi:nil="true"></ImportSequenceNumber><Latitude xsi:nil="true"></Latitude><Line1 xsi:nil="true"></Line1><Line2 xsi:nil="true"></Line2><Line3 xsi:nil="true"></Line3><Longitude xsi:nil="true"></Longitude><Name xsi:nil="true"></Name><PostalCode xsi:nil="true"></PostalCode><PostOfficeBox xsi:nil="true"></PostOfficeBox><PrimaryContactName xsi:nil="true"></PrimaryContactName><ShippingMethodCode>1</ShippingMethodCode><StateOrProvince xsi:nil="true"></StateOrProvince><Telephone1 xsi:nil="true"></Telephone1><Telephone2 xsi:nil="true"></Telephone2><Telephone3 xsi:nil="true"></Telephone3><TimeZoneRuleVersionNumber xsi:nil="true"></TimeZoneRuleVersionNumber><UPSZone xsi:nil="true"></UPSZone><UTCOffset xsi:nil="true"></UTCOffset><UTCConversionTimeZoneCode xsi:nil="true"></UTCConversionTimeZoneCode></Address></Addresses></Publisher><RootComponents><RootComponent type="61" schemaName="kendoui_/Default/editor.png" behavior="0" /><RootComponent type="61" schemaName="kendoui_/Default/imagebrowser.png" behavior="0" /><RootComponent type="61" schemaName="kendoui_/Default/indeterminate.gif" behavior="0" /><RootComponent type="61" schemaName="kendoui_/Default/loading.gif" behavior="0" /><RootComponent type="61" schemaName="kendoui_/Default/loading_2x.gif" behavior="0" /><RootComponent type="61" schemaName="kendoui_/Default/loading_image.gif" behavior="0" /><RootComponent type="61" schemaName="kendoui_/Default/markers.png" behavior="0" /><RootComponent type="61" schemaName="kendoui_/Default/markers_2x.png" behavior="0" /><RootComponent type="61" schemaName="kendoui_/Default/sprite.png" behavior="0" /><RootComponent type="61" schemaName="kendoui_/Default/sprite_2x.png" behavior="0" /><RootComponent type="61" schemaName="kendoui_/Default/sprite_kpi.png" behavior="0" /><RootComponent type="61" schemaName="kendoui_/Default/sprite_kpi_2x.png" behavior="0" /><RootComponent type="61" schemaName="kendoui_/images/back.png" behavior="0" /><RootComponent type="61" schemaName="kendoui_/images/envelope.png" behavior="0" /><RootComponent type="61" schemaName="kendoui_/images/kendoui.svg" behavior="0" /><RootComponent type="61" schemaName="kendoui_/images/kendoui.ttf" behavior="0" /><RootComponent type="61" schemaName="kendoui_/images/kendoui.woff" behavior="0" /><RootComponent type="61" schemaName="kendoui_/images/wp8_icons.png" behavior="0" /><RootComponent type="61" schemaName="kendoui_/images/wp8_inverseicons.png" behavior="0" /><RootComponent type="61" schemaName="kendoui_/jquery2.2.4.min.js" behavior="0" /><RootComponent type="61" schemaName="kendoui_/kendo.all.min.js" behavior="0" /><RootComponent type="61" schemaName="kendoui_/kendo.common.min.css" behavior="0" /><RootComponent type="61" schemaName="kendoui_/kendo.default.min.css" behavior="0" /><RootComponent type="61" schemaName="kendoui_/kendo.default.mobile.min.css" behavior="0" /></RootComponents><MissingDependencies></MissingDependencies></SolutionManifest></ImportExportXml>